{
    "AWSTemplateFormatVersion": "2010-09-09",
    "Description": "DEVOPS2 - AWS All-In-Jam",
    "Parameters": {
        "VPCCIDR": {
            "Description": "Please enter VPCCIDR (xxx.xxx.xxx.xxx/xx):",
            "Type": "String",
            "MinLength": "1",
            "Default": "10.246.8.0/23"
        },
        "PublicSubnet1CIDR": {
            "Description": "Please enter CIDR for the Public Subnet1 (xxx.xxx.xxx.xxx/xx):",
            "Type": "String",
            "MinLength": "1",
            "Default": "10.246.8.0/27",
            "AllowedPattern": "[a-zA-Z0-9]+\\..+"
        },
        "PublicSubnet2CIDR": {
            "Description": "Please enter CIDR for the Public Subnet1 (xxx.xxx.xxx.xxx/xx):",
            "Type": "String",
            "MinLength": "1",
            "Default": "10.246.9.0/27",
            "AllowedPattern": "[a-zA-Z0-9]+\\..+"
        },
        "AppSubnet1CIDR": {
            "Description": "Please enter CIDR for AppSubnet1CIDR (xxx.xxx.xxx.xxx/xx):",
            "Type": "String",
            "MinLength": "1",
            "Default": "10.246.8.128/27",
            "AllowedPattern": "[a-zA-Z0-9]+\\..+"
        },
        "AppSubnet2CIDR": {
            "Description": "Please enter CIDR for AppSubnet2CIDR (xxx.xxx.xxx.xxx/xx):",
            "Type": "String",
            "MinLength": "1",
            "Default": "10.246.9.128/27",
            "AllowedPattern": "[a-zA-Z0-9]+\\..+"
        },
        "KeyName": {
            "Description": "Name of an existing EC2 KeyPair to enable SSH access to the instance",
            "Type": "AWS::EC2::KeyPair::KeyName",
            "ConstraintDescription": "must be the name of an existing EC2 KeyPair."
        },
        "DevBoxInstanceType": {
            "Description": "DevBox EC2 instance type",
            "Type": "String",
            "Default": "t2.small",
            "AllowedValues": [
                "t2.small"
            ],
            "ConstraintDescription": "must be a valid EC2 instance type."
        },
        "ProdFleetInstanceType": {
            "Description": "Prod Fleet EC2 instance type",
            "Type": "String",
            "Default": "t2.small",
            "AllowedValues": [
                "t2.small"
            ],
            "ConstraintDescription": "must be a valid EC2 instance type."
        },
        "SSHLocation": {
            "Description": "The IP address range that can be used to SSH to the EC2 instances",
            "Type": "String",
            "MinLength": "9",
            "MaxLength": "18",
            "Default": "0.0.0.0/0",
            "AllowedPattern": "(\\d{1,3})\\.(\\d{1,3})\\.(\\d{1,3})\\.(\\d{1,3})/(\\d{1,2})",
            "ConstraintDescription": "must be a valid IP CIDR range of the form x.x.x.x/x."
        },
        "RepoName": {
            "Description": "Name of CodeCommit repo",
            "Type": "String",
            "Default": "SampleJavaAppRepository"
        },
        "challengeAnswer": {
            "Description": "",
            "Type": "String",
            "Default": "IHaveDeployedMyAppUsingCodePipelineAndItWasAWSome"
        }
    },
    "Mappings": {
        "AWSInstanceType2Arch": {
            "t1.micro": {
                "Arch": "PV64"
            },
            "t2.nano": {
                "Arch": "HVM64"
            },
            "t2.micro": {
                "Arch": "HVM64"
            },
            "t2.small": {
                "Arch": "HVM64"
            },
            "t2.medium": {
                "Arch": "HVM64"
            },
            "t2.large": {
                "Arch": "HVM64"
            },
            "m1.small": {
                "Arch": "PV64"
            },
            "m1.medium": {
                "Arch": "PV64"
            },
            "m1.large": {
                "Arch": "PV64"
            },
            "m1.xlarge": {
                "Arch": "PV64"
            },
            "m2.xlarge": {
                "Arch": "PV64"
            },
            "m2.2xlarge": {
                "Arch": "PV64"
            },
            "m2.4xlarge": {
                "Arch": "PV64"
            },
            "m3.medium": {
                "Arch": "HVM64"
            },
            "m3.large": {
                "Arch": "HVM64"
            },
            "m3.xlarge": {
                "Arch": "HVM64"
            },
            "m3.2xlarge": {
                "Arch": "HVM64"
            },
            "m4.large": {
                "Arch": "HVM64"
            },
            "m4.xlarge": {
                "Arch": "HVM64"
            },
            "m4.2xlarge": {
                "Arch": "HVM64"
            },
            "m4.4xlarge": {
                "Arch": "HVM64"
            },
            "m4.10xlarge": {
                "Arch": "HVM64"
            },
            "c1.medium": {
                "Arch": "PV64"
            },
            "c1.xlarge": {
                "Arch": "PV64"
            },
            "c3.large": {
                "Arch": "HVM64"
            },
            "c3.xlarge": {
                "Arch": "HVM64"
            },
            "c3.2xlarge": {
                "Arch": "HVM64"
            },
            "c3.4xlarge": {
                "Arch": "HVM64"
            },
            "c3.8xlarge": {
                "Arch": "HVM64"
            },
            "c4.large": {
                "Arch": "HVM64"
            },
            "c4.xlarge": {
                "Arch": "HVM64"
            },
            "c4.2xlarge": {
                "Arch": "HVM64"
            },
            "c4.4xlarge": {
                "Arch": "HVM64"
            },
            "c4.8xlarge": {
                "Arch": "HVM64"
            },
            "g2.2xlarge": {
                "Arch": "HVMG2"
            },
            "g2.8xlarge": {
                "Arch": "HVMG2"
            },
            "r3.large": {
                "Arch": "HVM64"
            },
            "r3.xlarge": {
                "Arch": "HVM64"
            },
            "r3.2xlarge": {
                "Arch": "HVM64"
            },
            "r3.4xlarge": {
                "Arch": "HVM64"
            },
            "r3.8xlarge": {
                "Arch": "HVM64"
            },
            "i2.xlarge": {
                "Arch": "HVM64"
            },
            "i2.2xlarge": {
                "Arch": "HVM64"
            },
            "i2.4xlarge": {
                "Arch": "HVM64"
            },
            "i2.8xlarge": {
                "Arch": "HVM64"
            },
            "d2.xlarge": {
                "Arch": "HVM64"
            },
            "d2.2xlarge": {
                "Arch": "HVM64"
            },
            "d2.4xlarge": {
                "Arch": "HVM64"
            },
            "d2.8xlarge": {
                "Arch": "HVM64"
            },
            "hi1.4xlarge": {
                "Arch": "HVM64"
            },
            "hs1.8xlarge": {
                "Arch": "HVM64"
            },
            "cr1.8xlarge": {
                "Arch": "HVM64"
            },
            "cc2.8xlarge": {
                "Arch": "HVM64"
            }
        },
        "AWSRegionArch2AMI": {
            "us-east-1": {
                "PV64": "ami-2a69aa47",
                "HVM64": "ami-6869aa05",
                "HVMG2": "ami-22b68b59"
            },
            "us-west-2": {
                "PV64": "ami-7f77b31f",
                "HVM64": "ami-7172b611",
                "HVMG2": "ami-be4ea3c6"
            },
            "us-west-1": {
                "PV64": "ami-a2490dc2",
                "HVM64": "ami-31490d51",
                "HVMG2": "ami-cfe5cfaf"
            },
            "eu-west-1": {
                "PV64": "ami-4cdd453f",
                "HVM64": "ami-f9dd458a",
                "HVMG2": "ami-aedb26d7"
            },
            "eu-west-2": {
                "PV64": "NOT_SUPPORTED",
                "HVM64": "ami-886369ec",
                "HVMG2": "NOT_SUPPORTED"
            },
            "eu-central-1": {
                "PV64": "ami-6527cf0a",
                "HVM64": "ami-ea26ce85",
                "HVMG2": "ami-40b8102f"
            },
            "ap-northeast-1": {
                "PV64": "ami-3e42b65f",
                "HVM64": "ami-374db956",
                "HVMG2": "ami-d95aabbf"
            },
            "ap-northeast-2": {
                "PV64": "NOT_SUPPORTED",
                "HVM64": "ami-2b408b45",
                "HVMG2": "NOT_SUPPORTED"
            },
            "ap-southeast-1": {
                "PV64": "ami-df9e4cbc",
                "HVM64": "ami-a59b49c6",
                "HVMG2": "ami-15660276"
            },
            "ap-southeast-2": {
                "PV64": "ami-63351d00",
                "HVM64": "ami-dc361ebf",
                "HVMG2": "ami-0b5a4168"
            },
            "ap-south-1": {
                "PV64": "NOT_SUPPORTED",
                "HVM64": "ami-ffbdd790",
                "HVMG2": "ami-f4cdb79b"
            },
            "us-east-2": {
                "PV64": "NOT_SUPPORTED",
                "HVM64": "ami-f6035893",
                "HVMG2": "NOT_SUPPORTED"
            },
            "ca-central-1": {
                "PV64": "NOT_SUPPORTED",
                "HVM64": "ami-730ebd17",
                "HVMG2": "NOT_SUPPORTED"
            },
            "sa-east-1": {
                "PV64": "ami-1ad34676",
                "HVM64": "ami-6dd04501",
                "HVMG2": "NOT_SUPPORTED"
            },
            "cn-north-1": {
                "PV64": "ami-77559f1a",
                "HVM64": "ami-8e6aa0e3",
                "HVMG2": "NOT_SUPPORTED"
            }
        }
    },
    "Outputs": {
        "DevBoxPublicDNSName": {
            "Description": "DevBox Public DNS Name",
            "Value": {
                "Fn::GetAtt": [
                    "DevBoxInstance",
                    "PublicDnsName"
                ]
            }
        },
        "DevBoxPublicIp": {
            "Description": "DevBox Public Ip",
            "Value": {
                "Fn::GetAtt": [
                    "DevBoxInstance",
                    "PublicIp"
                ]
            }
        },
        "AppLoadBalancerDNSName": {
            "Description": "LoadBalancer DNS Name",
            "Value": {
                "Fn::GetAtt": [
                    "ProdFleetLoadBalancer",
                    "DNSName"
                ]
            }
        }
    },
    "Resources": {
        "CodeCommitRepo": {
            "Type": "AWS::CodeCommit::Repository",
            "Properties": {
                "RepositoryName": {
                    "Ref": "RepoName"
                },
                "RepositoryDescription": "A Sample CodeCommit Repo"
            }
        },
        "CodeBuildRole": {
            "Type": "AWS::IAM::Role",
            "Properties": {
                "AssumeRolePolicyDocument": {
                    "Statement": [
                        {
                            "Action": [
                                "sts:AssumeRole"
                            ],
                            "Effect": "Allow",
                            "Principal": {
                                "Service": [
                                    "codebuild.amazonaws.com"
                                ]
                            }
                        }
                    ]
                },
                "Path": "/",
                "Policies": [
                    {
                        "PolicyName": "codebuild",
                        "PolicyDocument": {
                            "Version": "2012-10-17",
                            "Statement": [
                                {
                                    "Effect": "Allow",
                                    "Action": [
                                        "s3:Get*",
                                        "s3:List*",
                                        "s3:PutObject"
                                    ],
                                    "Resource": "*"
                                },
                                {
                                    "Effect": "Allow",
                                    "Action": [
                                        "logs:*"
                                    ],
                                    "Resource": "*"
                                }
                            ]
                        }
                    }
                ]
            }
        },
        "CodeBuildProject": {
            "Type": "AWS::CodeBuild::Project",
            "Properties": {
                "Name": "SampleJavaAppBuildProject",
                "Description": "Use CodeBuild to build a sample Java app (SpringBoot)",
                "ServiceRole": {
                    "Fn::GetAtt": [
                        "CodeBuildRole",
                        "Arn"
                    ]
                },
                "Artifacts": {
                    "Type": "CODEPIPELINE"
                },
                "Environment": {
                    "Type": "LINUX_CONTAINER",
                    "ComputeType": "BUILD_GENERAL1_SMALL",
                    "Image": "aws/codebuild/java:openjdk-8"
                },
                "Source": {
                    "Type": "CODEPIPELINE"
                },
                "TimeoutInMinutes": 10
            }
        },
        "CodeDeployApplication": {
            "Type": "AWS::CodeDeploy::Application",
            "Properties": {
                "ApplicationName": "SampleJavaAppCodeDeploy"
            }
        },
        "CodeDeployRole": {
            "Type": "AWS::IAM::Role",
            "Properties": {
                "AssumeRolePolicyDocument": {
                    "Statement": [
                        {
                            "Action": [
                                "sts:AssumeRole"
                            ],
                            "Effect": "Allow",
                            "Principal": {
                                "Service": [
                                    "codedeploy.amazonaws.com"
                                ]
                            }
                        }
                    ]
                },
                "Path": "/",
                "ManagedPolicyArns": [
                    "arn:aws:iam::aws:policy/service-role/AWSCodeDeployRole"
                ]
            }
        },
        "CodeDeployDeploymentGroup": {
            "Type": "AWS::CodeDeploy::DeploymentGroup",
            "Properties": {
                "DeploymentGroupName": "SampleJavaAppDeploymentGroup",
                "ApplicationName": {
                    "Ref": "CodeDeployApplication"
                },
                "AutoScalingGroups": [
                    {
                        "Ref": "ProdAutoScalingGroup"
                    }
                ],
                "ServiceRoleArn": {
                    "Fn::GetAtt": [
                        "CodeDeployRole",
                        "Arn"
                    ]
                }
            }
        },
        "CodePipelineRole": {
            "Type": "AWS::IAM::Role",
            "Properties": {
                "AssumeRolePolicyDocument": {
                    "Statement": [
                        {
                            "Action": [
                                "sts:AssumeRole"
                            ],
                            "Effect": "Allow",
                            "Principal": {
                                "Service": [
                                    "codepipeline.amazonaws.com"
                                ]
                            }
                        }
                    ]
                },
                "Path": "/",
                "ManagedPolicyArns": [
                    "arn:aws:iam::aws:policy/AWSCodeDeployDeployerAccess"
                ],
                "Policies": [
                    {
                        "PolicyName": "codefamily",
                        "PolicyDocument": {
                            "Version": "2012-10-17",
                            "Statement": [
                                {
                                    "Effect": "Allow",
                                    "Action": [
                                        "s3:*"
                                    ],
                                    "Resource": "*"
                                },
                                {
                                    "Effect": "Allow",
                                    "Action": [
                                        "codecommit:*"
                                    ],
                                    "Resource": {
                                        "Fn::GetAtt": [
                                            "CodeCommitRepo",
                                            "Arn"
                                        ]
                                    }
                                },
                                {
                                    "Effect": "Allow",
                                    "Action": [
                                        "codebuild:*"
                                    ],
                                    "Resource": {
                                        "Fn::GetAtt": [
                                            "CodeBuildProject",
                                            "Arn"
                                        ]
                                    }
                                }
                            ]
                        }
                    }
                ]
            }
        },
        "VPC": {
            "Properties": {
                "CidrBlock": {
                    "Ref": "VPCCIDR"
                },
                "EnableDnsHostnames": "true",
                "EnableDnsSupport": "true",
                "Tags": [
                    {
                        "Key": "Name",
                        "Value": "all-in-jam-vpc"
                    }
                ]
            },
            "Type": "AWS::EC2::VPC"
        },
        "InternetGateway": {
            "Type": "AWS::EC2::InternetGateway"
        },
        "AttachInternetGateway": {
            "Type": "AWS::EC2::VPCGatewayAttachment",
            "Properties": {
                "VpcId": {
                    "Ref": "VPC"
                },
                "InternetGatewayId": {
                    "Ref": "InternetGateway"
                }
            }
        },
        "NATGateway1": {
            "DependsOn": "InternetGateway",
            "Type": "AWS::EC2::NatGateway",
            "Properties": {
                "AllocationId": {
                    "Fn::GetAtt": [
                        "NATGateway1EIP",
                        "AllocationId"
                    ]
                },
                "SubnetId": {
                    "Ref": "PublicSubnet1"
                }
            }
        },
        "NATGateway1EIP": {
            "Type": "AWS::EC2::EIP",
            "Properties": {
                "Domain": "vpc"
            }
        },
        "NATGateway2": {
            "DependsOn": "InternetGateway",
            "Type": "AWS::EC2::NatGateway",
            "Properties": {
                "AllocationId": {
                    "Fn::GetAtt": [
                        "NATGateway2EIP",
                        "AllocationId"
                    ]
                },
                "SubnetId": {
                    "Ref": "PublicSubnet2"
                }
            }
        },
        "NATGateway2EIP": {
            "Type": "AWS::EC2::EIP",
            "Properties": {
                "Domain": "vpc"
            }
        },
        "PublicSubnet1": {
            "Properties": {
                "AvailabilityZone": {
                    "Fn::Select": [
                        "0",
                        {
                            "Fn::GetAZs": ""
                        }
                    ]
                },
                "CidrBlock": {
                    "Ref": "PublicSubnet1CIDR"
                },
                "VpcId": {
                    "Ref": "VPC"
                }
            },
            "Type": "AWS::EC2::Subnet"
        },
        "PublicSubnet1RouteTable": {
            "Properties": {
                "VpcId": {
                    "Ref": "VPC"
                }
            },
            "Type": "AWS::EC2::RouteTable"
        },
        "PublicSubnet1RouteTableInternetRoute": {
            "Type": "AWS::EC2::Route",
            "DependsOn": "AttachInternetGateway",
            "Properties": {
                "RouteTableId": {
                    "Ref": "PublicSubnet1RouteTable"
                },
                "DestinationCidrBlock": "0.0.0.0/0",
                "GatewayId": {
                    "Ref": "InternetGateway"
                }
            }
        },
        "PublicSubnet1RouteTableAssociation": {
            "Properties": {
                "RouteTableId": {
                    "Ref": "PublicSubnet1RouteTable"
                },
                "SubnetId": {
                    "Ref": "PublicSubnet1"
                }
            },
            "Type": "AWS::EC2::SubnetRouteTableAssociation"
        },
        "PublicSubnet2": {
            "Properties": {
                "AvailabilityZone": {
                    "Fn::Select": [
                        "1",
                        {
                            "Fn::GetAZs": ""
                        }
                    ]
                },
                "CidrBlock": {
                    "Ref": "PublicSubnet2CIDR"
                },
                "VpcId": {
                    "Ref": "VPC"
                }
            },
            "Type": "AWS::EC2::Subnet"
        },
        "PublicSubnet2RouteTable": {
            "Properties": {
                "VpcId": {
                    "Ref": "VPC"
                }
            },
            "Type": "AWS::EC2::RouteTable"
        },
        "PublicSubnet2RouteTableInternetRoute": {
            "Type": "AWS::EC2::Route",
            "DependsOn": "AttachInternetGateway",
            "Properties": {
                "RouteTableId": {
                    "Ref": "PublicSubnet2RouteTable"
                },
                "DestinationCidrBlock": "0.0.0.0/0",
                "GatewayId": {
                    "Ref": "InternetGateway"
                }
            }
        },
        "PublicSubnet2RouteTableAssociation": {
            "Properties": {
                "RouteTableId": {
                    "Ref": "PublicSubnet2RouteTable"
                },
                "SubnetId": {
                    "Ref": "PublicSubnet2"
                }
            },
            "Type": "AWS::EC2::SubnetRouteTableAssociation"
        },
        "AppSubnet1": {
            "Properties": {
                "AvailabilityZone": {
                    "Fn::Select": [
                        "0",
                        {
                            "Fn::GetAZs": ""
                        }
                    ]
                },
                "CidrBlock": {
                    "Ref": "AppSubnet1CIDR"
                },
                "VpcId": {
                    "Ref": "VPC"
                }
            },
            "Type": "AWS::EC2::Subnet"
        },
        "AppSubnet1CIDRRouteTable": {
            "Properties": {
                "VpcId": {
                    "Ref": "VPC"
                }
            },
            "Type": "AWS::EC2::RouteTable"
        },
        "AppSubnet1CIDRRouteTableNATGatewayRoute": {
            "Type": "AWS::EC2::Route",
            "DependsOn": "NATGateway1",
            "Properties": {
                "RouteTableId": {
                    "Ref": "AppSubnet1CIDRRouteTable"
                },
                "DestinationCidrBlock": "0.0.0.0/0",
                "NatGatewayId": {
                    "Ref": "NATGateway1"
                }
            }
        },
        "AppSubnet1CIDRRouteTableAssociation": {
            "Properties": {
                "RouteTableId": {
                    "Ref": "AppSubnet1CIDRRouteTable"
                },
                "SubnetId": {
                    "Ref": "AppSubnet1"
                }
            },
            "Type": "AWS::EC2::SubnetRouteTableAssociation"
        },
        "AppSubnet2": {
            "Properties": {
                "AvailabilityZone": {
                    "Fn::Select": [
                        "1",
                        {
                            "Fn::GetAZs": ""
                        }
                    ]
                },
                "CidrBlock": {
                    "Ref": "AppSubnet2CIDR"
                },
                "VpcId": {
                    "Ref": "VPC"
                }
            },
            "Type": "AWS::EC2::Subnet"
        },
        "AppSubnet2CIDRRouteTable": {
            "Properties": {
                "VpcId": {
                    "Ref": "VPC"
                }
            },
            "Type": "AWS::EC2::RouteTable"
        },
        "AppSubnet2CIDRRouteTableNATGatewayRoute": {
            "Type": "AWS::EC2::Route",
            "DependsOn": "NATGateway2",
            "Properties": {
                "RouteTableId": {
                    "Ref": "AppSubnet2CIDRRouteTable"
                },
                "DestinationCidrBlock": "0.0.0.0/0",
                "NatGatewayId": {
                    "Ref": "NATGateway2"
                }
            }
        },
        "AppSubnet2CIDRRouteTableAssociation": {
            "Properties": {
                "RouteTableId": {
                    "Ref": "AppSubnet2CIDRRouteTable"
                },
                "SubnetId": {
                    "Ref": "AppSubnet2"
                }
            },
            "Type": "AWS::EC2::SubnetRouteTableAssociation"
        },
        "DevBoxRole": {
            "Type": "AWS::IAM::Role",
            "Properties": {
                "AssumeRolePolicyDocument": {
                    "Version": "2012-10-17",
                    "Statement": [
                        {
                            "Effect": "Allow",
                            "Principal": {
                                "Service": [
                                    "ec2.amazonaws.com"
                                ]
                            },
                            "Action": [
                                "sts:AssumeRole"
                            ]
                        }
                    ]
                },
                "Path": "/",
                "Policies": [
                    {
                        "PolicyName": "DevBoxRole",
                        "PolicyDocument": {
                            "Version": "2012-10-17",
                            "Statement": [
                                {
                                    "Effect": "Allow",
                                    "Action": "codecommit:*",
                                    "Resource": {
                                        "Fn::GetAtt": [
                                            "CodeCommitRepo",
                                            "Arn"
                                        ]
                                    }
                                },
                                {
                                    "Effect": "Allow",
                                    "Action": [
                                        "s3:*"
                                    ],
                                    "Resource": "*"
                                }
                            ]
                        }
                    }
                ]
            }
        },
        "DevBoxInstanceProfile": {
            "Type": "AWS::IAM::InstanceProfile",
            "Properties": {
                "Path": "/",
                "Roles": [
                    {
                        "Ref": "DevBoxRole"
                    }
                ]
            }
        },
        "DevBoxSecurityGroup": {
            "Type": "AWS::EC2::SecurityGroup",
            "Properties": {
                "GroupDescription": "Enable SSH access via port 22",
                "VpcId": {
                    "Ref": "VPC"
                },
                "SecurityGroupIngress": [
                    {
                        "IpProtocol": "tcp",
                        "FromPort": "22",
                        "ToPort": "22",
                        "CidrIp": {
                            "Ref": "SSHLocation"
                        }
                    }
                ]
            }
        },
        "DevBoxInstance": {
            "Type": "AWS::EC2::Instance",
            "Properties": {
                "IamInstanceProfile": {
                    "Ref": "DevBoxInstanceProfile"
                },
                "ImageId": {
                    "Fn::FindInMap": [
                        "AWSRegionArch2AMI",
                        {
                            "Ref": "AWS::Region"
                        },
                        {
                            "Fn::FindInMap": [
                                "AWSInstanceType2Arch",
                                {
                                    "Ref": "DevBoxInstanceType"
                                },
                                "Arch"
                            ]
                        }
                    ]
                },
                "InstanceType": {
                    "Ref": "DevBoxInstanceType"
                },
                "KeyName": {
                    "Ref": "KeyName"
                },
                "Tags": [
                    {
                        "Key": "Name",
                        "Value": "all-in-jam-devbox"
                    }
                ],
                "NetworkInterfaces": [
                    {
                        "AssociatePublicIpAddress": true,
                        "DeleteOnTermination": true,
                        "DeviceIndex": "0",
                        "SubnetId": {
                            "Ref": "PublicSubnet1"
                        },
                        "GroupSet": [
                            {
                                "Ref": "DevBoxSecurityGroup"
                            }
                        ]
                    }
                ],
                "UserData": {
                    "Fn::Base64": {
                        "Fn::Join": [
                            "",
                            [
                                "#!/bin/bash -xe\n",
                                "echo \"starting\"\n",
                                "yum install -y aws-cfn-bootstrap\n",
                                "# Install the files and packages from the metadata\n",
                                "/opt/aws/bin/cfn-init -v ",
                                "         --stack ",
                                {
                                    "Ref": "AWS::StackName"
                                },
                                "         --resource DevBoxInstance ",
                                "         --configsets Setup ",
                                "         --region ",
                                {
                                    "Ref": "AWS::Region"
                                },
                                "\n",
                                "/opt/aws/bin/cfn-signal -e $? ",
                                "  --stack ",
                                {
                                    "Ref": "AWS::StackName"
                                },
                                "  --resource DevBoxInstance ",
                                "  --region ",
                                {
                                    "Ref": "AWS::Region"
                                },
                                "\n"
                            ]
                        ]
                    }
                }
            },
            "CreationPolicy": {
                "ResourceSignal": {
                    "Timeout": "PT15M"
                }
            },
            "Metadata": {
                "Comment1": "Install Required Development Software",
                "AWS::CloudFormation::Init": {
                    "configSets": {
                        "Setup": [
                            "Install",
                            "Configure"
                        ]
                    },
                    "Install": {
                        "packages": {
                            "yum": {
                                "git": []
                            }
                        },
                        "files": {
                            "/etc/cfn/cfn-hup.conf": {
                                "content": {
                                    "Fn::Join": [
                                        "",
                                        [
                                            "[main]\n",
                                            "stack=",
                                            {
                                                "Ref": "AWS::StackId"
                                            },
                                            "\n",
                                            "region=",
                                            {
                                                "Ref": "AWS::Region"
                                            },
                                            "\n"
                                        ]
                                    ]
                                },
                                "mode": "000400",
                                "owner": "root",
                                "group": "root"
                            },
                            "/etc/cfn/hooks.d/cfn-auto-reloader.conf": {
                                "content": {
                                    "Fn::Join": [
                                        "",
                                        [
                                            "[cfn-auto-reloader-hook]\n",
                                            "triggers=post.update\n",
                                            "path=Resources.DevBoxInstance.Metadata.AWS::CloudFormation::Init\n",
                                            "action=/opt/aws/bin/cfn-init -v ",
                                            "         --stack ",
                                            {
                                                "Ref": "AWS::StackName"
                                            },
                                            "         --resource DevBoxInstance ",
                                            "         --configsets Setup ",
                                            "         --region ",
                                            {
                                                "Ref": "AWS::Region"
                                            },
                                            "\n",
                                            "runas=root\n"
                                        ]
                                    ]
                                }
                            }
                        }
                    },
                    "Configure": {
                        "files": {
                            "/home/ec2-user/.gitconfig": {
                                "content": {
                                    "Fn::Join": [
                                        "",
                                        [
                                            "[credential]\n",
                                            "helper = !aws codecommit credential-helper $@\n",
                                            "UseHttpPath = true\n"
                                        ]
                                    ]
                                },
                                "mode": "000600",
                                "owner": "ec2-user",
                                "group": "ec2-user"
                            }
                        },
                        "commands": {
                            "01_clone_codecommit": {
                                "command": {
                                    "Fn::Join": [
                                        "",
                                        [
                                            "sudo -H -u ec2-user bash -c \"",
                                            "git clone https://git-codecommit.",
                                            {
                                                "Ref": "AWS::Region"
                                            },
                                            ".amazonaws.com/v1/repos/",
                                            {
                                                "Fn::GetAtt": [
                                                    "CodeCommitRepo",
                                                    "Name"
                                                ]
                                            },
                                            "\""
                                        ]
                                    ]
                                },
                                "cwd": "/home/ec2-user"
                            },
                            "02_copy_code_from_s3": {
                                "command": {
                                    "Fn::Join": [
                                        "",
                                        [
                                            "sudo -H -u ec2-user bash -c \"aws s3 cp s3://aws-all-in-jam-devops-2-artifacts ~/",
                                            {
                                                "Fn::GetAtt": [
                                                    "CodeCommitRepo",
                                                    "Name"
                                                ]
                                            },
                                            " --recursive --region us-east-1\""
                                        ]
                                    ]
                                }
                            },
                            "03_commit_code": {
                                "command": "sudo -H -u ec2-user bash -c \"git add --all && git commit -m \\\"Initial commit\\\"\"",
                                "cwd": {
                                    "Fn::Join": [
                                        "",
                                        [
                                            "/home/ec2-user/",
                                            {
                                                "Fn::GetAtt": [
                                                    "CodeCommitRepo",
                                                    "Name"
                                                ]
                                            }
                                        ]
                                    ]
                                },
                                "ignoreErrors": "true"
                            },
                            "04_push_code_to_codecommit": {
                                "command": "sudo -H -u ec2-user bash -c \"git push\"",
                                "cwd": {
                                    "Fn::Join": [
                                        "",
                                        [
                                            "/home/ec2-user/",
                                            {
                                                "Fn::GetAtt": [
                                                    "CodeCommitRepo",
                                                    "Name"
                                                ]
                                            }
                                        ]
                                    ]
                                }
                            }
                        }
                    }
                }
            }
        },
        "ProdFleetLoadBalancerSecurityGroup": {
            "Type": "AWS::EC2::SecurityGroup",
            "Properties": {
                "GroupDescription": "Enable access to port 80 publicly",
                "VpcId": {
                    "Ref": "VPC"
                },
                "SecurityGroupIngress": [
                    {
                        "IpProtocol": "tcp",
                        "FromPort": "80",
                        "ToPort": "80",
                        "CidrIp": "0.0.0.0/0"
                    }
                ]
            }
        },
        "ProdFleetLoadBalancer": {
            "Type": "AWS::ElasticLoadBalancingV2::LoadBalancer",
            "Properties": {
                "Scheme": "internet-facing",
                "Subnets": [
                    {
                        "Ref": "PublicSubnet1"
                    },
                    {
                        "Ref": "PublicSubnet2"
                    }
                ],
                "SecurityGroups": [
                    {
                        "Ref": "ProdFleetLoadBalancerSecurityGroup"
                    }
                ],
                "Tags": [
                    {
                        "Key": "Name",
                        "Value": "Prod sample app application load balancer"
                    }
                ]
            }
        },
        "ProdFleetLoadBalancerTargetGroup": {
            "Type": "AWS::ElasticLoadBalancingV2::TargetGroup",
            "Properties": {
                "HealthCheckIntervalSeconds": 60,
                "UnhealthyThresholdCount": 10,
                "HealthCheckPath": "/",
                "Name": "ProdAppLoadBalancerTargetGroup",
                "Port": 8080,
                "Protocol": "HTTP",
                "VpcId": {
                    "Ref": "VPC"
                }
            }
        },
        "ProdFleetLoadBalancerListener": {
            "Type": "AWS::ElasticLoadBalancingV2::Listener",
            "Properties": {
                "DefaultActions": [
                    {
                        "Type": "forward",
                        "TargetGroupArn": {
                            "Ref": "ProdFleetLoadBalancerTargetGroup"
                        }
                    }
                ],
                "LoadBalancerArn": {
                    "Ref": "ProdFleetLoadBalancer"
                },
                "Port": "80",
                "Protocol": "HTTP"
            }
        },
        "ProdFleetRole": {
            "Type": "AWS::IAM::Role",
            "Properties": {
                "AssumeRolePolicyDocument": {
                    "Version": "2012-10-17",
                    "Statement": [
                        {
                            "Effect": "Allow",
                            "Principal": {
                                "Service": [
                                    "ec2.amazonaws.com"
                                ]
                            },
                            "Action": [
                                "sts:AssumeRole"
                            ]
                        }
                    ]
                },
                "Path": "/",
                "ManagedPolicyArns": [
                    "arn:aws:iam::aws:policy/service-role/AmazonEC2RoleforAWSCodeDeploy"
                ]
            }
        },
        "ProdFleetProfile": {
            "Type": "AWS::IAM::InstanceProfile",
            "Properties": {
                "Path": "/",
                "Roles": [
                    {
                        "Ref": "ProdFleetRole"
                    }
                ]
            }
        },
        "ProdFleetSecurityGroup": {
            "Type": "AWS::EC2::SecurityGroup",
            "Properties": {
                "GroupDescription": "Enable SSH access via port 22, enables ALB access to port 8080",
                "VpcId": {
                    "Ref": "VPC"
                },
                "SecurityGroupIngress": [
                    {
                        "IpProtocol": "tcp",
                        "FromPort": "8080",
                        "ToPort": "8080",
                        "SourceSecurityGroupId": {
                            "Ref": "ProdFleetLoadBalancerSecurityGroup"
                        }
                    }
                ]
            }
        },
        "ProdAutoScalingGroup": {
            "Type": "AWS::AutoScaling::AutoScalingGroup",
            "Properties": {
                "TargetGroupARNs": [
                    {
                        "Ref": "ProdFleetLoadBalancerTargetGroup"
                    }
                ],
                "VPCZoneIdentifier": [
                    {
                        "Ref": "AppSubnet1"
                    },
                    {
                        "Ref": "AppSubnet2"
                    }
                ],
                "LaunchConfigurationName": {
                    "Ref": "ProdLaunchConfig"
                },
                "DesiredCapacity": "2",
                "MinSize": "2",
                "MaxSize": "2",
                "Tags": [
                    {
                        "Key": "Name",
                        "Value": "all-in-jam-prod-instance",
                        "PropagateAtLaunch": true
                    }
                ]
            },
            "CreationPolicy": {
                "ResourceSignal": {
                    "Count": "2",
                    "Timeout": "PT15M"
                }
            }
        },
        "ProdLaunchConfig": {
            "Type": "AWS::AutoScaling::LaunchConfiguration",
            "DependsOn": "CodeCommitRepo",
            "Properties": {
                "IamInstanceProfile": {
                    "Ref": "ProdFleetProfile"
                },
                "ImageId": {
                    "Fn::FindInMap": [
                        "AWSRegionArch2AMI",
                        {
                            "Ref": "AWS::Region"
                        },
                        {
                            "Fn::FindInMap": [
                                "AWSInstanceType2Arch",
                                {
                                    "Ref": "ProdFleetInstanceType"
                                },
                                "Arch"
                            ]
                        }
                    ]
                },
                "InstanceType": {
                    "Ref": "ProdFleetInstanceType"
                },
                "KeyName": {
                    "Ref": "KeyName"
                },
                "SecurityGroups": [
                    {
                        "Ref": "ProdFleetSecurityGroup"
                    }
                ],
                "UserData": {
                    "Fn::Base64": {
                        "Fn::Join": [
                            "",
                            [
                                "#!/bin/bash -xe\n",
                                "echo \"starting\"\n",
                                "yum install -y aws-cfn-bootstrap\n",
                                "# Install the files and packages from the metadata\n",
                                "/opt/aws/bin/cfn-init -v ",
                                "         --stack ",
                                {
                                    "Ref": "AWS::StackName"
                                },
                                "         --resource ProdLaunchConfig ",
                                "         --configsets Setup ",
                                "         --region ",
                                {
                                    "Ref": "AWS::Region"
                                },
                                "\n",
                                "/opt/aws/bin/cfn-signal -e $? ",
                                "  --stack ",
                                {
                                    "Ref": "AWS::StackName"
                                },
                                "  --resource ProdAutoScalingGroup ",
                                "  --region ",
                                {
                                    "Ref": "AWS::Region"
                                },
                                "\n"
                            ]
                        ]
                    }
                }
            },
            "Metadata": {
                "Comment1": "Install Required Packages",
                "AWS::CloudFormation::Init": {
                    "configSets": {
                        "Setup": [
                            "Install",
                            "Configure"
                        ]
                    },
                    "Install": {
                        "packages": {
                            "yum": {
                                "ruby": [],
                                "wget": [],
                                "java-1.8.0-openjdk": []
                            }
                        },
                        "files": {
                            "/etc/cfn/cfn-hup.conf": {
                                "content": {
                                    "Fn::Join": [
                                        "",
                                        [
                                            "[main]\n",
                                            "stack=",
                                            {
                                                "Ref": "AWS::StackId"
                                            },
                                            "\n",
                                            "region=",
                                            {
                                                "Ref": "AWS::Region"
                                            },
                                            "\n"
                                        ]
                                    ]
                                },
                                "mode": "000400",
                                "owner": "root",
                                "group": "root"
                            },
                            "/etc/cfn/hooks.d/cfn-auto-reloader.conf": {
                                "content": {
                                    "Fn::Join": [
                                        "",
                                        [
                                            "[cfn-auto-reloader-hook]\n",
                                            "triggers=post.update\n",
                                            "path=Resources.ProdLaunchConfig.Metadata.AWS::CloudFormation::Init\n",
                                            "action=/opt/aws/bin/cfn-init -v ",
                                            "         --stack ",
                                            {
                                                "Ref": "AWS::StackName"
                                            },
                                            "         --resource ProdLaunchConfig ",
                                            "         --configsets Setup ",
                                            "         --region ",
                                            {
                                                "Ref": "AWS::Region"
                                            },
                                            "\n",
                                            "runas=root\n"
                                        ]
                                    ]
                                }
                            },
                            "/tmp/config.txt": {
                                "content": {
                                    "Ref": "challengeAnswer"
                                },
                                "mode": "000400",
                                "owner": "root",
                                "group": "root"
                            }
                        }
                    },
                    "Configure": {
                        "commands": {
                            "00_remove_java7": {
                                "command": "sudo yum -y remove java-1.7.0-openjdk"
                            },
                            "01_download_code_deploy_agent": {
                                "command": {
                                    "Fn::Join": [
                                        "",
                                        [
                                            "sudo -H -u ec2-user bash -c \"",
                                            "wget https://aws-codedeploy-",
                                            {
                                                "Ref": "AWS::Region"
                                            },
                                            ".s3.amazonaws.com/latest/install",
                                            "\""
                                        ]
                                    ]
                                },
                                "cwd": "/home/ec2-user"
                            },
                            "02_make_code_deploy_agent_executable": {
                                "command": {
                                    "Fn::Join": [
                                        "",
                                        [
                                            "sudo -H -u ec2-user bash -c \"chmod +x ./install\""
                                        ]
                                    ]
                                },
                                "cwd": "/home/ec2-user"
                            },
                            "03_install_code_deploy": {
                                "command": "sudo -H -u ec2-user bash -c \"sudo ./install auto\"",
                                "cwd": "/home/ec2-user"
                            }
                        }
                    }
                }
            }
        }
    }
}