{
    "AWSTemplateFormatVersion": "2010-09-09",
    "Description": "AWS CodeCommit repo Backup",
    "Parameters": {
        "VPCId": {
            "Description": "Please enter VPCCIDR (xxx.xxx.xxx.xxx/xx):",
            "Type": "AWS::EC2::VPC::Id"
        },
        "SubnetId": {
            "Description": "Please enter CIDR for the Public Subnet1 (xxx.xxx.xxx.xxx/xx):",
            "Type": "AWS::EC2::Subnet::Id"
        },
        "KeyName": {
            "Description": "Name of an existing EC2 KeyPair to enable SSH access to the instance",
            "Type": "AWS::EC2::KeyPair::KeyName",
            "ConstraintDescription": "must be the name of an existing EC2 KeyPair."
        },
        "EC2InstanceType": {
            "Description": "EC2 EC2 instance type",
            "Type": "String",
            "Default": "t2.small",
            "AllowedValues": [
                "t2.small"
            ],
            "ConstraintDescription": "must be a valid EC2 instance type."
        },
        "SSHLocation": {
            "Description": "The IP address range that can be used to SSH to the EC2 instances",
            "Type": "String",
            "MinLength": "9",
            "MaxLength": "18",
            "Default": "0.0.0.0/0",
            "AllowedPattern": "(\\d{1,3})\\.(\\d{1,3})\\.(\\d{1,3})\\.(\\d{1,3})/(\\d{1,2})",
            "ConstraintDescription": "must be a valid IP CIDR range of the form x.x.x.x/x."
        },
        "CodeCommitRepoName": {
            "Description": "CodeCommit repo name",
            "Type": "String"
        },
        "BackupS3Bucket": {
            "Description": "S3 bucket that will store the CodeCommit repo backups",
            "Type": "String"
        }
    },
    "Mappings": {
        "AWSInstanceType2Arch": {
            "t1.micro": {
                "Arch": "PV64"
            },
            "t2.nano": {
                "Arch": "HVM64"
            },
            "t2.micro": {
                "Arch": "HVM64"
            },
            "t2.small": {
                "Arch": "HVM64"
            },
            "t2.medium": {
                "Arch": "HVM64"
            },
            "t2.large": {
                "Arch": "HVM64"
            },
            "m1.small": {
                "Arch": "PV64"
            },
            "m1.medium": {
                "Arch": "PV64"
            },
            "m1.large": {
                "Arch": "PV64"
            },
            "m1.xlarge": {
                "Arch": "PV64"
            },
            "m2.xlarge": {
                "Arch": "PV64"
            },
            "m2.2xlarge": {
                "Arch": "PV64"
            },
            "m2.4xlarge": {
                "Arch": "PV64"
            },
            "m3.medium": {
                "Arch": "HVM64"
            },
            "m3.large": {
                "Arch": "HVM64"
            },
            "m3.xlarge": {
                "Arch": "HVM64"
            },
            "m3.2xlarge": {
                "Arch": "HVM64"
            },
            "m4.large": {
                "Arch": "HVM64"
            },
            "m4.xlarge": {
                "Arch": "HVM64"
            },
            "m4.2xlarge": {
                "Arch": "HVM64"
            },
            "m4.4xlarge": {
                "Arch": "HVM64"
            },
            "m4.10xlarge": {
                "Arch": "HVM64"
            },
            "c1.medium": {
                "Arch": "PV64"
            },
            "c1.xlarge": {
                "Arch": "PV64"
            },
            "c3.large": {
                "Arch": "HVM64"
            },
            "c3.xlarge": {
                "Arch": "HVM64"
            },
            "c3.2xlarge": {
                "Arch": "HVM64"
            },
            "c3.4xlarge": {
                "Arch": "HVM64"
            },
            "c3.8xlarge": {
                "Arch": "HVM64"
            },
            "c4.large": {
                "Arch": "HVM64"
            },
            "c4.xlarge": {
                "Arch": "HVM64"
            },
            "c4.2xlarge": {
                "Arch": "HVM64"
            },
            "c4.4xlarge": {
                "Arch": "HVM64"
            },
            "c4.8xlarge": {
                "Arch": "HVM64"
            },
            "g2.2xlarge": {
                "Arch": "HVMG2"
            },
            "g2.8xlarge": {
                "Arch": "HVMG2"
            },
            "r3.large": {
                "Arch": "HVM64"
            },
            "r3.xlarge": {
                "Arch": "HVM64"
            },
            "r3.2xlarge": {
                "Arch": "HVM64"
            },
            "r3.4xlarge": {
                "Arch": "HVM64"
            },
            "r3.8xlarge": {
                "Arch": "HVM64"
            },
            "i2.xlarge": {
                "Arch": "HVM64"
            },
            "i2.2xlarge": {
                "Arch": "HVM64"
            },
            "i2.4xlarge": {
                "Arch": "HVM64"
            },
            "i2.8xlarge": {
                "Arch": "HVM64"
            },
            "d2.xlarge": {
                "Arch": "HVM64"
            },
            "d2.2xlarge": {
                "Arch": "HVM64"
            },
            "d2.4xlarge": {
                "Arch": "HVM64"
            },
            "d2.8xlarge": {
                "Arch": "HVM64"
            },
            "hi1.4xlarge": {
                "Arch": "HVM64"
            },
            "hs1.8xlarge": {
                "Arch": "HVM64"
            },
            "cr1.8xlarge": {
                "Arch": "HVM64"
            },
            "cc2.8xlarge": {
                "Arch": "HVM64"
            }
        },
        "AWSRegionArch2AMI": {
            "us-east-1": {
                "PV64": "ami-2a69aa47",
                "HVM64": "ami-6869aa05",
                "HVMG2": "ami-22b68b59"
            },
            "us-west-2": {
                "PV64": "ami-7f77b31f",
                "HVM64": "ami-7172b611",
                "HVMG2": "ami-be4ea3c6"
            },
            "us-west-1": {
                "PV64": "ami-a2490dc2",
                "HVM64": "ami-31490d51",
                "HVMG2": "ami-cfe5cfaf"
            },
            "eu-west-1": {
                "PV64": "ami-4cdd453f",
                "HVM64": "ami-f9dd458a",
                "HVMG2": "ami-aedb26d7"
            },
            "eu-west-2": {
                "PV64": "NOT_SUPPORTED",
                "HVM64": "ami-886369ec",
                "HVMG2": "NOT_SUPPORTED"
            },
            "eu-central-1": {
                "PV64": "ami-6527cf0a",
                "HVM64": "ami-ea26ce85",
                "HVMG2": "ami-40b8102f"
            },
            "ap-northeast-1": {
                "PV64": "ami-3e42b65f",
                "HVM64": "ami-374db956",
                "HVMG2": "ami-d95aabbf"
            },
            "ap-northeast-2": {
                "PV64": "NOT_SUPPORTED",
                "HVM64": "ami-2b408b45",
                "HVMG2": "NOT_SUPPORTED"
            },
            "ap-southeast-1": {
                "PV64": "ami-df9e4cbc",
                "HVM64": "ami-a59b49c6",
                "HVMG2": "ami-15660276"
            },
            "ap-southeast-2": {
                "PV64": "ami-63351d00",
                "HVM64": "ami-dc361ebf",
                "HVMG2": "ami-0b5a4168"
            },
            "ap-south-1": {
                "PV64": "NOT_SUPPORTED",
                "HVM64": "ami-ffbdd790",
                "HVMG2": "ami-f4cdb79b"
            },
            "us-east-2": {
                "PV64": "NOT_SUPPORTED",
                "HVM64": "ami-f6035893",
                "HVMG2": "NOT_SUPPORTED"
            },
            "ca-central-1": {
                "PV64": "NOT_SUPPORTED",
                "HVM64": "ami-730ebd17",
                "HVMG2": "NOT_SUPPORTED"
            },
            "sa-east-1": {
                "PV64": "ami-1ad34676",
                "HVM64": "ami-6dd04501",
                "HVMG2": "NOT_SUPPORTED"
            },
            "cn-north-1": {
                "PV64": "ami-77559f1a",
                "HVM64": "ami-8e6aa0e3",
                "HVMG2": "NOT_SUPPORTED"
            }
        }
    },
    "Resources": {
        "EC2Role": {
            "Type": "AWS::IAM::Role",
            "Properties": {
                "AssumeRolePolicyDocument": {
                    "Version": "2012-10-17",
                    "Statement": [
                        {
                            "Effect": "Allow",
                            "Principal": {
                                "Service": [
                                    "ec2.amazonaws.com"
                                ]
                            },
                            "Action": [
                                "sts:AssumeRole"
                            ]
                        }
                    ]
                },
                "Path": "/",
                "Policies": [
                    {
                        "PolicyName": "EC2Role",
                        "PolicyDocument": {
                            "Version": "2012-10-17",
                            "Statement": [
                                {
                                    "Effect": "Allow",
                                    "Action": "codecommit:*",
                                    "Resource": {
                                        "Fn::Join": [
                                            "",
                                            [
                                                "arn:aws:codecommit:",
                                                {
                                                    "Ref": "AWS::Region"
                                                },
                                                ":",
                                                {
                                                    "Ref": "AWS::AccountId"
                                                },
                                                ":",
                                                {
                                                    "Ref": "CodeCommitRepoName"
                                                }
                                            ]
                                        ]
                                    }
                                },
                                {
                                    "Effect": "Allow",
                                    "Action": [
                                        "s3:*"
                                    ],
                                    "Resource": "*"
                                }
                            ]
                        }
                    }
                ]
            }
        },
        "EC2InstanceProfile": {
            "Type": "AWS::IAM::InstanceProfile",
            "Properties": {
                "Path": "/",
                "Roles": [
                    {
                        "Ref": "EC2Role"
                    }
                ]
            }
        },
        "EC2SecurityGroup": {
            "Type": "AWS::EC2::SecurityGroup",
            "Properties": {
                "GroupDescription": "Enable SSH access via port 22",
                "VpcId": {
                    "Ref": "VPCId"
                },
                "SecurityGroupIngress": [
                    {
                        "IpProtocol": "tcp",
                        "FromPort": "22",
                        "ToPort": "22",
                        "CidrIp": {
                            "Ref": "SSHLocation"
                        }
                    }
                ]
            }
        },
        "EC2Instance": {
            "Type": "AWS::EC2::Instance",
            "Properties": {
                "IamInstanceProfile": {
                    "Ref": "EC2InstanceProfile"
                },
                "ImageId": {
                    "Fn::FindInMap": [
                        "AWSRegionArch2AMI",
                        {
                            "Ref": "AWS::Region"
                        },
                        {
                            "Fn::FindInMap": [
                                "AWSInstanceType2Arch",
                                {
                                    "Ref": "EC2InstanceType"
                                },
                                "Arch"
                            ]
                        }
                    ]
                },
                "InstanceType": {
                    "Ref": "EC2InstanceType"
                },
                "KeyName": {
                    "Ref": "KeyName"
                },
                "Tags": [
                    {
                        "Key": "Name",
                        "Value": "CodeCommitBackupInstance"
                    }
                ],
                "NetworkInterfaces": [
                    {
                        "AssociatePublicIpAddress": true,
                        "DeleteOnTermination": true,
                        "DeviceIndex": "0",
                        "SubnetId": {
                            "Ref": "SubnetId"
                        },
                        "GroupSet": [
                            {
                                "Ref": "EC2SecurityGroup"
                            }
                        ]
                    }
                ],
                "UserData": {
                    "Fn::Base64": {
                        "Fn::Join": [
                            "",
                            [
                                "#!/bin/bash -xe\n",
                                "echo \"starting\"\n",
                                "yum install -y aws-cfn-bootstrap\n",
                                "# Install the files and packages from the metadata\n",
                                "/opt/aws/bin/cfn-init -v ",
                                "         --stack ",
                                {
                                    "Ref": "AWS::StackName"
                                },
                                "         --resource EC2Instance ",
                                "         --region ",
                                {
                                    "Ref": "AWS::Region"
                                },
                                "\n",
                                "/opt/aws/bin/cfn-signal -e $? ",
                                "  --stack ",
                                {
                                    "Ref": "AWS::StackName"
                                },
                                "  --resource EC2Instance ",
                                "  --region ",
                                {
                                    "Ref": "AWS::Region"
                                },
                                "\n"
                            ]
                        ]
                    }
                }
            },
            "CreationPolicy": {
                "ResourceSignal": {
                    "Timeout": "PT15M"
                }
            },
            "Metadata": {
                "Comment1": "Install Required Development Software",
                "AWS::CloudFormation::Init": {
                    "config": {
                        "packages": {
                            "yum": {
                                "git": []
                            }
                        },
                        "files": {
                            "/etc/cfn/cfn-hup.conf": {
                                "content": {
                                    "Fn::Join": [
                                        "",
                                        [
                                            "[main]\n",
                                            "stack=",
                                            {
                                                "Ref": "AWS::StackId"
                                            },
                                            "\n",
                                            "region=",
                                            {
                                                "Ref": "AWS::Region"
                                            },
                                            "\n"
                                        ]
                                    ]
                                },
                                "mode": "000400",
                                "owner": "root",
                                "group": "root"
                            },
                            "/etc/cfn/hooks.d/cfn-auto-reloader.conf": {
                                "content": {
                                    "Fn::Join": [
                                        "",
                                        [
                                            "[cfn-auto-reloader-hook]\n",
                                            "triggers=post.update\n",
                                            "path=Resources.EC2Instance.Metadata.AWS::CloudFormation::Init\n",
                                            "action=/opt/aws/bin/cfn-init -v ",
                                            "         --stack ",
                                            {
                                                "Ref": "AWS::StackName"
                                            },
                                            "         --resource EC2Instance ",
                                            "         --configsets Setup ",
                                            "         --region ",
                                            {
                                                "Ref": "AWS::Region"
                                            },
                                            "\n",
                                            "runas=root\n"
                                        ]
                                    ]
                                }
                            },
                            "/home/ec2-user/.gitconfig": {
                                "content": {
                                    "Fn::Join": [
                                        "",
                                        [
                                            "[credential]\n",
                                            "helper = !aws codecommit credential-helper $@\n",
                                            "UseHttpPath = true\n"
                                        ]
                                    ]
                                },
                                "mode": "000600",
                                "owner": "ec2-user",
                                "group": "ec2-user"
                            },
                            "/home/ec2-user/backup_codecommit.sh": {
                                "content": {
                                    "Fn::Join": [
                                        "",
                                        [
                                            "#!/bin/bash\n",
                                            "set -ex\n",
                                            "cd ~\n",
                                            {
                                                "Fn::Sub": "codecommitrepo=\"${CodeCommitRepoName}\"\n"
                                            },
                                            {
                                                "Fn::Sub": "s3_bucket=\"${BackupS3Bucket}\"\n"
                                            },
                                            {
                                                "Fn::Sub": "git clone https://git-codecommit.${AWS::Region}.amazonaws.com/v1/repos/${!codecommitrepo}\n"
                                            },
                                            "dt=$(date '+%Y_%m_%d_%H_%M_%S')\n",
                                            "zipfile=\"backup_${dt}.zip\"\n",
                                            "zip -r \"$zipfile\" \"${codecommitrepo}/\"\n",
                                            "aws s3 cp $zipfile \"s3://${s3_bucket}\"\n",
                                            "rm \"$zipfile\"\n",
                                            "rm -rf \"$codecommitrepo\"\n"
                                        ]
                                    ]
                                },
                                "mode": "000700",
                                "owner": "ec2-user",
                                "group": "ec2-user"
                            }
                        }
                    }
                }
            }
        }
    }
}